{
  "epoch": 1,
  "step": 1,
  "metrics": {
    "train_loss": 1.7466501258313656,
    "train_accuracy": 0.767,
    "val_loss": 2.362065996442522,
    "val_accuracy": 0.095
  },
  "timestamp": "2025-11-20T16:24:18.674535"
}