{
  "epoch": 3,
  "step": 3,
  "metrics": {
    "train_loss": 0.7142637912184,
    "train_accuracy": 0.991,
    "val_loss": 2.594510453087943,
    "val_accuracy": 0.095
  },
  "timestamp": "2025-11-20T16:24:18.991212"
}