{
  "epoch": 5,
  "step": 5,
  "metrics": {
    "train_loss": 0.18462318554520607,
    "train_accuracy": 1.0,
    "val_loss": 2.8365439687456404,
    "val_accuracy": 0.075
  },
  "timestamp": "2025-11-20T16:24:19.624358"
}