{
  "epoch": 4,
  "step": 4,
  "metrics": {
    "train_loss": 0.3446523705497384,
    "train_accuracy": 0.999,
    "val_loss": 2.8348162855420793,
    "val_accuracy": 0.08
  },
  "timestamp": "2025-11-20T16:24:19.233783"
}